{ "photos": { "page": 1, "pages": 1, "perpage": "500", "total": 18, 
    "photo": [
      { "id": "13905332031", "owner": "39303677@N00", "secret": "4fa5d08c78", "server": "3698", "farm": 4, "title": "Photobomb", "ispublic": 1, "isfriend": 0, "isfamily": 0, "url_m": "https:\/\/farm4.staticflickr.com\/3698\/13905332031_4fa5d08c78.jpg", "height_m": "376", "width_m": "500", "is_primary": 1, "has_comment": 1, 
        "comment": { "_content": "\n\n&quot;Are you guys ready for some pawesome puns right meow?&quot;" } },
      { "id": "7774549502", "owner": "24385585@N06", "secret": "30023e25bc", "server": "8438", "farm": 9, "title": "PhotoBomb", "ispublic": 1, "isfriend": 0, "isfamily": 0, "url_m": "https:\/\/farm9.staticflickr.com\/8438\/7774549502_30023e25bc.jpg", "height_m": "333", "width_m": "500", "is_primary": 0, "has_comment": 1, 
        "comment": { "_content": "\n\n&quot;Avert your eyes, man—it's been ruff since they switched us to dry food.&quot;" } },
      { "id": "12189451606", "owner": "51805283@N03", "secret": "2fd9c5f5b6", "server": "3679", "farm": 4, "title": "Photobomb !", "ispublic": 1, "isfriend": 0, "isfamily": 0, "url_m": "https:\/\/farm4.staticflickr.com\/3679\/12189451606_2fd9c5f5b6.jpg", "height_m": "320", "width_m": "500", "is_primary": 0, "has_comment": 1, 
        "comment": { "_content": "\n\n&quot;¿Cómo se llama?&quot;" } },
      { "id": "13591434615", "owner": "48683083@N05", "secret": "a4a18d1f44", "server": "7050", "farm": 8, "title": "I want in the picture too!", "ispublic": 1, "isfriend": 0, "isfamily": 0, "url_m": "https:\/\/farm8.staticflickr.com\/7050\/13591434615_a4a18d1f44.jpg", "height_m": "333", "width_m": "500", "is_primary": 0, "has_comment": 1, 
        "comment": { "_content": "\n\n&quot;Pardon the interrufftion, but canine help you?&quot;" } },
      { "id": "9509672994", "owner": "34916866@N02", "secret": "b2c9fea4a7", "server": "2818", "farm": 3, "title": "Swan photobomb", "ispublic": 1, "isfriend": 0, "isfamily": 0, "url_m": "https:\/\/farm3.staticflickr.com\/2818\/9509672994_b2c9fea4a7.jpg", "height_m": "337", "width_m": "500", "is_primary": 0, "has_comment": 1, 
        "comment": { "_content": "\n\n\n&quot;Which button did you say I had to press again? This swan?&quot;" } },
      { "id": "12733553914", "owner": "100340357@N05", "secret": "8210937123", "server": "3676", "farm": 4, "title": "lion photobomb", "ispublic": 1, "isfriend": 0, "isfamily": 0, "url_m": "https:\/\/farm4.staticflickr.com\/3676\/12733553914_8210937123.jpg", "height_m": "302", "width_m": "500", "is_primary": 0, "has_comment": 1, 
        "comment": { "_content": "\n\n&quot;Don't listen to him girl, he's lion.&quot;" } },
      { "id": "12127483115", "owner": "91191425@N06", "secret": "ce408ea815", "server": "3834", "farm": 4, "title": "photo bomb", "ispublic": 1, "isfriend": 0, "isfamily": 0, "url_m": "https:\/\/farm4.staticflickr.com\/3834\/12127483115_ce408ea815.jpg", "height_m": "329", "width_m": "500", "is_primary": 0, "has_comment": 1, 
        "comment": { "_content": "\n\n&quot;Party fowl.&quot;" } },
      { "id": "4725834853", "owner": "14809394@N06", "secret": "220538eafa", "server": "1383", "farm": 2, "title": "Abby and Loki", "ispublic": 1, "isfriend": 0, "isfamily": 0, "url_m": "https:\/\/farm2.staticflickr.com\/1383\/4725834853_220538eafa.jpg", "height_m": "500", "width_m": "447", "is_primary": 0, "has_comment": 1, 
        "comment": { "_content": "\n\n&quot;I guarantee it's impawssible for you to say no to these eyes.&quot;" } },
      { "id": "6184071192", "owner": "22755293@N03", "secret": "4882cd8858", "server": "6153", "farm": 7, "title": "Sea lion photobomb", "ispublic": 1, "isfriend": 0, "isfamily": 0, "url_m": "https:\/\/farm7.staticflickr.com\/6153\/6184071192_4882cd8858.jpg", "height_m": "500", "width_m": "400", "is_primary": 0, "has_comment": 1, 
        "comment": { "_content": "\n\n\n&quot;Me being in this picture really seal-ed the deal.&quot;" } },
      { "id": "8609350875", "owner": "48282656@N00", "secret": "7a417a8857", "server": "8241", "farm": 9, "title": "WEGU photobomb", "ispublic": 1, "isfriend": 0, "isfamily": 0, "url_m": "https:\/\/farm9.staticflickr.com\/8241\/8609350875_7a417a8857.jpg", "height_m": "332", "width_m": "500", "is_primary": 0, "has_comment": 1, 
        "comment": { "_content": "\n\n\n&quot;Gulls just wanna have fun.&quot;" } },
      { "id": "12708725733", "owner": "33798037@N08", "secret": "294a099bed", "server": "7395", "farm": 8, "title": "Seal Photobomb", "ispublic": 1, "isfriend": 0, "isfamily": 0, "url_m": "https:\/\/farm8.staticflickr.com\/7395\/12708725733_294a099bed.jpg", "height_m": "375", "width_m": "500", "is_primary": 0, "has_comment": 1, 
        "comment": { "_content": "\n\n\n&quot;Paint me like one of your French girls.&quot;" } },
      { "id": "9355239673", "owner": "97516415@N07", "secret": "473ebf1d3a", "server": "5544", "farm": 6, "title": "The pro photobomber", "ispublic": 1, "isfriend": 0, "isfamily": 0, "url_m": "https:\/\/farm6.staticflickr.com\/5544\/9355239673_473ebf1d3a.jpg", "height_m": "500", "width_m": "333", "is_primary": 0, "has_comment": 1, 
        "comment": { "_content": "\n\n\n&quot;It's a birden being this beautiful.&quot;" } },
      { "id": "6851496350", "owner": "94229293@N00", "secret": "9a11f4da7e", "server": "7039", "farm": 8, "title": "Photobomb", "ispublic": 1, "isfriend": 0, "isfamily": 0, "url_m": "https:\/\/farm8.staticflickr.com\/7039\/6851496350_9a11f4da7e.jpg", "height_m": "333", "width_m": "500", "is_primary": 0, "has_comment": 1, 
        "comment": { "_content": "\n\n&quot;The self-timer was too slow! I need to mufasa.&quot;" } },
      { "id": "13134049554", "owner": "99511274@N04", "secret": "35342773b9", "server": "7397", "farm": 8, "title": "Cat", "ispublic": 1, "isfriend": 0, "isfamily": 0, "url_m": "https:\/\/farm8.staticflickr.com\/7397\/13134049554_35342773b9.jpg", "height_m": "330", "width_m": "500", "is_primary": 0, "has_comment": 1, 
        "comment": { "_content": "\n\n\n&quot;Did you furget that I was in the picture when you took this self-portrait?&quot;" } },
      { "id": "7619579762", "owner": "43188683@N06", "secret": "8d19c6de46", "server": "8292", "farm": 9, "title": "Roo PhotoBomb", "ispublic": 1, "isfriend": 0, "isfamily": 0, "url_m": "https:\/\/farm9.staticflickr.com\/8292\/7619579762_8d19c6de46.jpg", "height_m": "332", "width_m": "500", "is_primary": 0, "has_comment": 1, 
        "comment": { "_content": "\n\n&quot;Am I being roo-d?&quot;" } },
      { "id": "8288124397", "owner": "36941935@N06", "secret": "6c492d5a6f", "server": "8069", "farm": 9, "title": "Project 366 - 12\/19\/2012 - 354\/366", "ispublic": 1, "isfriend": 0, "isfamily": 0, "url_m": "https:\/\/farm9.staticflickr.com\/8069\/8288124397_6c492d5a6f.jpg", "height_m": "400", "width_m": "500", "is_primary": 0, "has_comment": 1, 
        "comment": { "_content": "\n\n&quot;Carl, you're giraffin' me crazy.&quot;" } },
      { "id": "6032405621", "owner": "53537878@N02", "secret": "d0e6c7e3b9", "server": "6138", "farm": 7, "title": "Photo bomber", "ispublic": 1, "isfriend": 0, "isfamily": 0, "url_m": "https:\/\/farm7.staticflickr.com\/6138\/6032405621_d0e6c7e3b9.jpg", "height_m": "362", "width_m": "500", "is_primary": 0, "has_comment": 1, 
        "comment": { "_content": "\n\n&quot;I don't even know how I goat here.&quot;" } },
      { "id": "10434590586", "owner": "47705525@N06", "secret": "cddd955fe3", "server": "5544", "farm": 6, "title": "pinniped photobomb", "ispublic": 1, "isfriend": 0, "isfamily": 0, "url_m": "https:\/\/farm6.staticflickr.com\/5544\/10434590586_cddd955fe3.jpg", "height_m": "333", "width_m": "500", "is_primary": 0, "has_comment": 1, 
        "comment": { "_content": "\n\n&quot;Hope you enjoyed this gallery—seal you later!&quot;" } }
    ] }, "stat": "ok" }